company,ticker,cik,filing_date,event_type,person_name,title,effective_date,earnings_filing_date,period,revenue_reported,eps_diluted,net_income,days_to_nearest_earnings,event_timing
Apple Inc.,AAPL,320193,2026-04-20,appointment,John Ternus,Chief Executive Officer,NOT_FOUND,2026-04-30,fiscal 2026 second quarter,111200.0,2.01,29.58,10,before earnings
Apple Inc.,AAPL,320193,2026-04-20,appointment,Art Levinson,Chair of the Board,NOT_FOUND,2026-04-30,fiscal 2026 second quarter,111200.0,2.01,29.58,10,before earnings
Apple Inc.,AAPL,320193,2026-01-02,appointment,Ben Borders,Principal Accounting Officer,2026-01-01,2026-01-29,fiscal 2026 first quarter,143800.0,2.84,42.1,27,before earnings
Apple Inc.,AAPL,320193,2025-12-05,appointment,Jennifer Newstead,NOT_FOUND,2026-03-01,2025-10-30,fourth quarter of 2024,102500.0,1.85,27.47,36,after earnings
Apple Inc.,AAPL,320193,2025-12-05,departure,Kate Adams,NOT_FOUND,NOT_FOUND,2025-10-30,fourth quarter of 2024,102500.0,1.85,27.47,36,after earnings
Microsoft Corporation,MSFT,789019,2026-06-05,both,Reid Hoffman,Member of the Board of Directors of Microsoft Corporation,NOT_FOUND,2026-04-29,third quarter of fiscal year 2026,82900.0,4.27,31800.0,37,after earnings
Microsoft Corporation,MSFT,789019,2026-05-14,NOT_FOUND,NOT_FOUND,NOT_FOUND,NOT_FOUND,2026-04-29,third quarter of fiscal year 2026,82900.0,4.27,31800.0,15,after earnings
Microsoft Corporation,MSFT,789019,2025-12-08,NOT_FOUND,NOT_FOUND,NOT_FOUND,NOT_FOUND,2025-10-29,first quarter of fiscal year 2026,77700.0,3.72,27700.0,40,after earnings
Microsoft Corporation,MSFT,789019,2025-09-30,both,Carlos A. Rodriguez,Member of the Board of Directors of Microsoft Corporation,NOT_FOUND,2025-10-29,first quarter of fiscal year 2026,77700.0,3.72,27700.0,29,before earnings
NVIDIA Corporation,NVDA,1045810,2026-07-02,departure,Ajay K. Puri,Executive Vice President,NOT_FOUND,2026-05-20,First Quarter Fiscal 2027,81600.0,2.39,58321.0,43,after earnings
NVIDIA Corporation,NVDA,1045810,2026-07-02,appointment,Nicholas Parker,Executive Vice President,2026-08-24,2026-05-20,First Quarter Fiscal 2027,81600.0,2.39,58321.0,43,after earnings
NVIDIA Corporation,NVDA,1045810,2026-05-08,appointment,Suzanne Nora Johnson,Board of Directors,2026-07-13,2026-05-20,First Quarter Fiscal 2027,81600.0,2.39,58321.0,12,before earnings
NVIDIA Corporation,NVDA,1045810,2026-05-08,appointment,Nora Johnson,NOT_FOUND,2026-07-13,2026-05-20,First Quarter Fiscal 2027,81600.0,2.39,58321.0,12,before earnings
NVIDIA Corporation,NVDA,1045810,2026-04-27,departure,Donald Robertson,Vice President,2026-05-04,2026-05-20,First Quarter Fiscal 2027,81600.0,2.39,58321.0,23,before earnings
NVIDIA Corporation,NVDA,1045810,2026-04-27,appointment,Scott Gawel,NOT_FOUND,2026-05-04,2026-05-20,First Quarter Fiscal 2027,81600.0,2.39,58321.0,23,before earnings
NVIDIA Corporation,NVDA,1045810,2026-03-06,appointment,Target Award Opportunity,President and Chief Executive Officer,NOT_FOUND,2026-02-25,first quarter of fiscal 2027,68100.0,1.76,42960.0,9,after earnings
NVIDIA Corporation,NVDA,1045810,2026-01-23,departure,Persis Drell,Board of Directors,2026-01-20,2026-02-25,first quarter of fiscal 2027,68100.0,1.76,42960.0,33,before earnings
JPMorgan Chase & Co.,JPM,19617,2026-06-25,appointment,Doug Petno,President,2026-06-24,2026-07-14,SECOND QUARTER 2026,57300.0,NOT_FOUND,21200.0,19,before earnings
JPMorgan Chase & Co.,JPM,19617,2026-06-25,departure,Marianne Lake,NOT_FOUND,NOT_FOUND,2026-07-14,SECOND QUARTER 2026,57300.0,NOT_FOUND,21200.0,19,before earnings
JPMorgan Chase & Co.,JPM,19617,2026-01-22,NOT_FOUND,NOT_FOUND,NOT_FOUND,NOT_FOUND,2026-01-13,FOURTH QUARTER 2025,45800.0,NOT_FOUND,13000.0,9,after earnings
JPMorgan Chase & Co.,JPM,19617,2025-12-08,departure,Todd A. Combs,Member of the Board of Directors,2025-12-07,2026-01-13,FOURTH QUARTER 2025,45800.0,NOT_FOUND,13000.0,36,before earnings
Walmart Inc.,WMT,104169,2026-01-16,both,David Guggina,"Executive Vice President, President and Chief Executive Officer",2026-02-01,2026-02-19,first quarter fiscal 2027,190700.0,0.53,NOT_FOUND,34,before earnings
Walmart Inc.,WMT,104169,2026-01-16,departure,John Furner,President and Chief Executive Officer of Walmart Inc,2025-11-14,2026-02-19,first quarter fiscal 2027,190700.0,0.53,NOT_FOUND,34,before earnings
Walmart Inc.,WMT,104169,2026-01-16,departure,Kathryn McLay,"Executive Vice President, President and Chief Executive Officer",2026-04-30,2026-02-19,first quarter fiscal 2027,190700.0,0.53,NOT_FOUND,34,before earnings
Walmart Inc.,WMT,104169,2026-01-16,departure,Transition Date,NOT_FOUND,NOT_FOUND,2026-02-19,first quarter fiscal 2027,190700.0,0.53,NOT_FOUND,34,before earnings
Walmart Inc.,WMT,104169,2026-01-16,appointment,Christopher Nicholas,"Executive Vice President, President and Chief Executive Officer",NOT_FOUND,2026-02-19,first quarter fiscal 2027,190700.0,0.53,NOT_FOUND,34,before earnings
Walmart Inc.,WMT,104169,2026-01-16,appointment,Sam's Club,"Executive Vice President, President and Chief Executive Officer",2026-01-16,2026-02-19,first quarter fiscal 2027,190700.0,0.53,NOT_FOUND,34,before earnings
Walmart Inc.,WMT,104169,2026-01-16,appointment,Latriece Watkins,Executive Vice President and Chief Merchandising Officer,NOT_FOUND,2026-02-19,first quarter fiscal 2027,190700.0,0.53,NOT_FOUND,34,before earnings
Walmart Inc.,WMT,104169,2026-01-08,appointment,Shishir Mehrotra,Board of Directors,2026-01-08,2026-02-19,first quarter fiscal 2027,190700.0,0.53,NOT_FOUND,42,before earnings
Walmart Inc.,WMT,104169,2025-11-14,departure,Douglas McMillon,NOT_FOUND,2026-01-31,2025-11-20,Q3 FY26,179500.0,0.77,NOT_FOUND,6,same week
Walmart Inc.,WMT,104169,2025-11-14,both,John R. Furner,NOT_FOUND,2026-02-01,2025-11-20,Q3 FY26,179500.0,0.77,NOT_FOUND,6,same week
Walmart Inc.,WMT,104169,2025-10-22,both,Dwayne Milum,Senior Vice President and Controller of Walmart Inc,2026-02-01,2025-11-20,Q3 FY26,179500.0,0.77,NOT_FOUND,29,before earnings
Walmart Inc.,WMT,104169,2025-10-22,appointment,David Chojnowski,Senior Vice President and Controller,2026-01-31,2025-11-20,Q3 FY26,179500.0,0.77,NOT_FOUND,29,before earnings
