company,ticker,cik,filing_date,period,revenue_reported,eps_diluted,net_income
Apple Inc.,AAPL,320193,2026-07-30,fiscal 2026 third quarter,109400.0,2.02,29.79
Apple Inc.,AAPL,320193,2026-04-30,fiscal 2026 second quarter,111200.0,2.01,29.58
Apple Inc.,AAPL,320193,2026-01-29,fiscal 2026 first quarter,143800.0,2.84,42.1
Apple Inc.,AAPL,320193,2025-10-30,fourth quarter of 2024,102500.0,1.85,27.47
Microsoft Corporation,MSFT,789019,2026-07-29,fourth quarter of fiscal year 2026,90000.0,4.81,35800.0
Microsoft Corporation,MSFT,789019,2026-04-29,third quarter of fiscal year 2026,82900.0,4.27,31800.0
Microsoft Corporation,MSFT,789019,2026-01-28,second quarter of fiscal year 2026,81300.0,5.16,38500.0
Microsoft Corporation,MSFT,789019,2025-10-29,first quarter of fiscal year 2026,77700.0,3.72,27700.0
NVIDIA Corporation,NVDA,1045810,2026-08-26,Second Quarter Fiscal 2027,96200.0,2.46,59688.0
NVIDIA Corporation,NVDA,1045810,2026-05-20,First Quarter Fiscal 2027,81600.0,2.39,58321.0
NVIDIA Corporation,NVDA,1045810,2026-02-25,first quarter of fiscal 2027,68100.0,1.76,42960.0
NVIDIA Corporation,NVDA,1045810,2025-11-19,Third Quarter Fiscal 2026,57000.0,1.3,31910.0
JPMorgan Chase & Co.,JPM,19617,2026-07-14,SECOND QUARTER 2026,57300.0,NOT_FOUND,21200.0
JPMorgan Chase & Co.,JPM,19617,2026-04-14,FIRST QUARTER 2026,49800.0,NOT_FOUND,16500.0
JPMorgan Chase & Co.,JPM,19617,2026-01-13,FOURTH QUARTER 2025,45800.0,NOT_FOUND,13000.0
JPMorgan Chase & Co.,JPM,19617,2025-10-14,THIRD QUARTER 2025,46400.0,NOT_FOUND,14400.0
Walmart Inc.,WMT,104169,2026-08-20,third quarter fiscal 2027,187900.0,0.8,NOT_FOUND
Walmart Inc.,WMT,104169,2026-05-21,second quarter fiscal 2027,177800.0,0.67,NOT_FOUND
Walmart Inc.,WMT,104169,2026-02-19,first quarter fiscal 2027,190700.0,0.53,NOT_FOUND
Walmart Inc.,WMT,104169,2025-11-20,Q3 FY26,179500.0,0.77,NOT_FOUND
