company,ticker,cik,filing_date,event_type,person_name,title,effective_date
Apple Inc.,AAPL,320193,2026-04-20,appointment,John Ternus,Chief Executive Officer,NOT_FOUND
Apple Inc.,AAPL,320193,2026-04-20,appointment,Art Levinson,Chair of the Board,NOT_FOUND
Apple Inc.,AAPL,320193,2026-01-02,appointment,Ben Borders,Principal Accounting Officer,2026-01-01
Apple Inc.,AAPL,320193,2025-12-05,appointment,Jennifer Newstead,NOT_FOUND,2026-03-01
Apple Inc.,AAPL,320193,2025-12-05,departure,Kate Adams,NOT_FOUND,NOT_FOUND
Microsoft Corporation,MSFT,789019,2026-06-05,both,Reid Hoffman,Member of the Board of Directors of Microsoft Corporation,NOT_FOUND
Microsoft Corporation,MSFT,789019,2026-05-14,NOT_FOUND,NOT_FOUND,NOT_FOUND,NOT_FOUND
Microsoft Corporation,MSFT,789019,2025-12-08,NOT_FOUND,NOT_FOUND,NOT_FOUND,NOT_FOUND
Microsoft Corporation,MSFT,789019,2025-09-30,both,Carlos A. Rodriguez,Member of the Board of Directors of Microsoft Corporation,NOT_FOUND
NVIDIA Corporation,NVDA,1045810,2026-07-02,departure,Ajay K. Puri,Executive Vice President,NOT_FOUND
NVIDIA Corporation,NVDA,1045810,2026-07-02,appointment,Nicholas Parker,Executive Vice President,2026-08-24
NVIDIA Corporation,NVDA,1045810,2026-05-08,appointment,Suzanne Nora Johnson,Board of Directors,2026-07-13
NVIDIA Corporation,NVDA,1045810,2026-05-08,appointment,Nora Johnson,NOT_FOUND,2026-07-13
NVIDIA Corporation,NVDA,1045810,2026-04-27,departure,Donald Robertson,Vice President,2026-05-04
NVIDIA Corporation,NVDA,1045810,2026-04-27,appointment,Scott Gawel,NOT_FOUND,2026-05-04
NVIDIA Corporation,NVDA,1045810,2026-03-06,appointment,Target Award Opportunity,President and Chief Executive Officer,NOT_FOUND
NVIDIA Corporation,NVDA,1045810,2026-01-23,departure,Persis Drell,Board of Directors,2026-01-20
JPMorgan Chase & Co.,JPM,19617,2026-06-25,appointment,Doug Petno,President,2026-06-24
JPMorgan Chase & Co.,JPM,19617,2026-06-25,departure,Marianne Lake,NOT_FOUND,NOT_FOUND
JPMorgan Chase & Co.,JPM,19617,2026-01-22,NOT_FOUND,NOT_FOUND,NOT_FOUND,NOT_FOUND
JPMorgan Chase & Co.,JPM,19617,2025-12-08,departure,Todd A. Combs,Member of the Board of Directors,2025-12-07
Walmart Inc.,WMT,104169,2026-01-16,both,David Guggina,"Executive Vice President, President and Chief Executive Officer",2026-02-01
Walmart Inc.,WMT,104169,2026-01-16,departure,John Furner,President and Chief Executive Officer of Walmart Inc,2025-11-14
Walmart Inc.,WMT,104169,2026-01-16,departure,Kathryn McLay,"Executive Vice President, President and Chief Executive Officer",2026-04-30
Walmart Inc.,WMT,104169,2026-01-16,departure,Transition Date,NOT_FOUND,NOT_FOUND
Walmart Inc.,WMT,104169,2026-01-16,appointment,Christopher Nicholas,"Executive Vice President, President and Chief Executive Officer",NOT_FOUND
Walmart Inc.,WMT,104169,2026-01-16,appointment,Sam's Club,"Executive Vice President, President and Chief Executive Officer",2026-01-16
Walmart Inc.,WMT,104169,2026-01-16,appointment,Latriece Watkins,Executive Vice President and Chief Merchandising Officer,NOT_FOUND
Walmart Inc.,WMT,104169,2026-01-08,appointment,Shishir Mehrotra,Board of Directors,2026-01-08
Walmart Inc.,WMT,104169,2025-11-14,departure,Douglas McMillon,NOT_FOUND,2026-01-31
Walmart Inc.,WMT,104169,2025-11-14,both,John R. Furner,NOT_FOUND,2026-02-01
Walmart Inc.,WMT,104169,2025-10-22,both,Dwayne Milum,Senior Vice President and Controller of Walmart Inc,2026-02-01
Walmart Inc.,WMT,104169,2025-10-22,appointment,David Chojnowski,Senior Vice President and Controller,2026-01-31
